{
    "camera_matrix": [
        [
            588.9655556205681,
            0.0,
            639.7569814423426
        ],
        [
            0.0,
            589.0370100314218,
            358.6033033819633
        ],
        [
            0.0,
            0.0,
            1.0
        ]
    ],
    "dist_coeff": [
        [
            -0.0064839631763049885,
            0.026840148682016226,
            -0.0006282291978524485,
            0.0005467594627144281,
            -0.01849554837579821
        ]
    ],
    "image_size_px": [
        1280,
        720
    ],
    "board_size": [
        7,
        10
    ],
    "square_size_mm": 38.0,
    "pixel_pitch_micron": 1.4,
    "f_mm": 0.8245517778687953,
    "rms_error": 0.14643743862770625
}