{
  "intrinsic_matrix": [
    1616.5882204568445,
    0.0,
    0.0,
    0.0,
    1617.4369919724456,
    0.0,
    2014.247353338172,
    1510.5191366023355,
    1.0
  ],
  "width": 4032,
  "height": 3024,
  "note": "iPhone 16 Ultra Wide Camera"
}
