{
  "width": 1920,
  "height": 1080,
  "intrinsic_matrix": [
    871.0024258483497,
    0.0,
    0.0,
    0.0,
    871.1849364029789,
    0.0,
    957.8264528167376,
    538.9353601286338,
    1.0
  ]
}