{
    "camera_matrix": [
        [
            1616.5882204568445,
            0.0,
            2014.247353338172
        ],
        [
            0.0,
            1617.4369919724456,
            1510.5191366023355
        ],
        [
            0.0,
            0.0,
            1.0
        ]
    ],
    "dist_coeff": [
        [
            0.0019010071088703027,
            0.0026939486080705018,
            -0.00019115686754638588,
            0.00045339283692273657,
            -0.0014986412657047093
        ]
    ],
    "image_size_px": [
        4032,
        3024
    ],
    "board_size": [
        7,
        10
    ],
    "square_size_mm": 38.0,
    "pixel_pitch_micron": 2.0,
    "f_mm": 3.233176440913689,
    "rms_error": 0.3660597861548808
}